sku,vendor,raw_row
W-DRS-RED-L,Jaipur Textiles,"W-DRS-RED-L, Women's Floral Summer Maxi Dress Red Cotton Blend Size L, MRP 1999"
M-SHT-NVY-XL,Delhi Menswear,"Gents navy blue formal shirt made of pure linen fabric. Ideal for summer office wear. Size XL available. Model is wearing XL."
K-TEE-YEL-45,Little Stars,"Kids yellow cartoon print t-shirt, soft cotton jersey, age 4-5Y, round neck"
W-KRT-GRN-M,Lucknow Chikan,"Ladies green chikankari straight kurta in georgette, 3/4 sleeves, size M, MRP 2499"
M-JNS-BLK-32,Denim Works,"Men's black slim fit stretch denim jeans, waist 32, cotton elastane blend"
K-FRK-PNK-67,Little Stars,"Girls pink party frock net fabric with satin bow, size 6-7Y"
M-TSH-WHT-L,Delhi Menswear,"White polo t-shirt for men, pique cotton, regular fit, Large, embroidered logo"
W-SAR-MRN-FS,Banarasi House,"Women maroon banarasi silk saree with golden zari border, free size, includes blouse piece"
K-SHR-BLU-34,Tiny Tots,"Boys blue denim shorts, elastic waist, age 3-4Y, 100% cotton"
M-KRT-CRM-XXL,Jaipur Textiles,"Cream cotton kurta for men with mandarin collar, size XXL, festive wear"
